{
  "harmonic_groups": [
    {
      "f0": 437.3966979980469,
      "partials": [
        [
          1,
          0,
          0.021576467901468277
        ],
        [
          2,
          15,
          0.004530355799943209
        ],
        [
          2,
          28,
          0.0022938877809792757
        ],
        [
          2,
          33,
          0.0018148045055568218
        ],
        [
          2,
          37,
          0.0015111301327124238
        ],
        [
          6,
          44,
          0.000720921263564378
        ],
        [
          7,
          47,
          0.00033024209551513195
        ],
        [
          8,
          49,
          0.00014782609650865197
        ],
        [
          9,
          50,
          0.00013600478996522725
        ],
        [
          12,
          51,
          0.0001272387889912352
        ],
        [
          10,
          52,
          0.0001068507699528709
        ],
        [
          13,
          53,
          0.00010132099851034582
        ]
      ],
      "sine_indices": [
        0,
        15,
        28,
        33,
        37,
        44,
        47,
        49,
        50,
        51,
        52,
        53
      ]
    },
    {
      "f0": 667.0111083984375,
      "partials": [
        [
          1,
          1,
          0.018886001780629158
        ],
        [
          3,
          42,
          0.001083660637959838
        ]
      ],
      "sine_indices": [
        1,
        42
      ]
    },
    {
      "f0": 463.5296630859375,
      "partials": [
        [
          1,
          3,
          0.01435991283506155
        ],
        [
          2,
          5,
          0.011891470290720463
        ],
        [
          2,
          34,
          0.0017408039420843124
        ],
        [
          3,
          40,
          0.0012448369525372982
        ],
        [
          4,
          41,
          0.0011602892773225904
        ],
        [
          3,
          45,
          0.0005127466865815222
        ],
        [
          6,
          46,
          0.00043897825526073575
        ],
        [
          8,
          48,
          0.00017869992007035762
        ]
      ],
      "sine_indices": [
        3,
        5,
        34,
        40,
        41,
        45,
        46,
        48
      ]
    },
    {
      "f0": 271.1139221191406,
      "partials": [
        [
          1,
          7,
          0.008773798123002052
        ],
        [
          3,
          9,
          0.006768929306417704
        ],
        [
          2,
          11,
          0.005664164200425148
        ],
        [
          2,
          12,
          0.005385645665228367
        ],
        [
          3,
          16,
          0.004353202413767576
        ],
        [
          3,
          17,
          0.003814739640802145
        ],
        [
          3,
          18,
          0.0036294320598244667
        ],
        [
          2,
          19,
          0.0035287607461214066
        ],
        [
          2,
          24,
          0.002764033153653145
        ],
        [
          3,
          43,
          0.0009702685638330877
        ]
      ],
      "sine_indices": [
        7,
        9,
        11,
        12,
        16,
        17,
        18,
        19,
        24,
        43
      ]
    }
  ],
  "damped_sines": [],
  "independent_sines": [
    {
      "sine_idx": 2,
      "avg_freq": 655.4369506835938,
      "avg_amp": 0.016194308176636696
    },
    {
      "sine_idx": 4,
      "avg_freq": 1002.6810302734375,
      "avg_amp": 0.012672671116888523
    },
    {
      "sine_idx": 6,
      "avg_freq": 1058.2218017578125,
      "avg_amp": 0.010545812547206879
    },
    {
      "sine_idx": 8,
      "avg_freq": 674.062255859375,
      "avg_amp": 0.007578352466225624
    },
    {
      "sine_idx": 10,
      "avg_freq": 597.699462890625,
      "avg_amp": 0.006079808808863163
    },
    {
      "sine_idx": 13,
      "avg_freq": 497.8802185058594,
      "avg_amp": 0.004993794020265341
    },
    {
      "sine_idx": 14,
      "avg_freq": 579.2060546875,
      "avg_amp": 0.004737367387861013
    },
    {
      "sine_idx": 20,
      "avg_freq": 444.63543701171875,
      "avg_amp": 0.003439481370151043
    },
    {
      "sine_idx": 21,
      "avg_freq": 610.444580078125,
      "avg_amp": 0.0032662460580468178
    },
    {
      "sine_idx": 22,
      "avg_freq": 750.6953125,
      "avg_amp": 0.003081338945776224
    },
    {
      "sine_idx": 23,
      "avg_freq": 638.4697265625,
      "avg_amp": 0.0029153504874557257
    },
    {
      "sine_idx": 25,
      "avg_freq": 672.832763671875,
      "avg_amp": 0.002616291865706444
    },
    {
      "sine_idx": 26,
      "avg_freq": 761.400634765625,
      "avg_amp": 0.0025216948706656694
    },
    {
      "sine_idx": 27,
      "avg_freq": 700.0712890625,
      "avg_amp": 0.0024570778477936983
    },
    {
      "sine_idx": 29,
      "avg_freq": 683.1279296875,
      "avg_amp": 0.002195288660004735
    },
    {
      "sine_idx": 30,
      "avg_freq": 760.5179443359375,
      "avg_amp": 0.0021135518327355385
    },
    {
      "sine_idx": 31,
      "avg_freq": 676.65087890625,
      "avg_amp": 0.002012123353779316
    },
    {
      "sine_idx": 32,
      "avg_freq": 753.004150390625,
      "avg_amp": 0.0019039292819797993
    },
    {
      "sine_idx": 35,
      "avg_freq": 733.933837890625,
      "avg_amp": 0.0016325584147125483
    },
    {
      "sine_idx": 36,
      "avg_freq": 712.4342651367188,
      "avg_amp": 0.0015602539060637355
    },
    {
      "sine_idx": 38,
      "avg_freq": 764.5252685546875,
      "avg_amp": 0.0014171702787280083
    },
    {
      "sine_idx": 39,
      "avg_freq": 741.2752075195312,
      "avg_amp": 0.0013239828404039145
    }
  ],
  "n_frames": 256,
  "n_sines": 64
}