{
  "modes": [
    {
      "id": 0,
      "dims": [
        10,
        12,
        13,
        14,
        35,
        36,
        37,
        38,
        39,
        40,
        41,
        42,
        43,
        44,
        45,
        46,
        47,
        49,
        50,
        51,
        52,
        53,
        54,
        55,
        56,
        57,
        58,
        59,
        60,
        61,
        62,
        63,
        84,
        85,
        86,
        88,
        89,
        90,
        92,
        102,
        103,
        104,
        105,
        106,
        107,
        108,
        109,
        110,
        111
      ]
    },
    {
      "id": 1,
      "dims": [
        78,
        79
      ]
    }
  ],
  "energy_channels": [
    {
      "source": [
        2,
        3,
        4,
        6,
        7,
        8,
        9,
        10,
        11,
        12,
        13,
        14,
        15,
        26,
        28,
        29,
        30,
        32,
        33,
        34,
        35,
        36,
        37,
        38,
        39,
        40,
        41,
        42,
        43,
        44,
        45,
        46,
        47,
        48,
        49,
        50,
        51,
        52,
        53,
        54,
        55,
        56,
        57,
        58,
        59,
        60,
        61,
        62,
        63,
        81,
        83,
        85,
        86,
        87,
        88,
        89,
        90,
        91,
        92,
        93,
        94,
        95,
        97,
        98,
        99,
        100,
        101,
        102,
        103,
        104,
        105,
        106,
        107,
        108,
        109,
        110,
        111
      ],
      "sink": [
        67,
        68,
        69,
        70,
        71,
        72,
        73,
        74,
        75,
        76,
        77,
        78,
        79
      ],
      "strength": 0.9747012257575989
    },
    {
      "source": [
        64,
        65
      ],
      "sink": [
        0,
        1,
        32,
        33,
        48,
        49,
        96,
        97
      ],
      "strength": 0.9013749361038208
    },
    {
      "source": [
        65,
        66
      ],
      "sink": [
        0,
        3,
        18,
        33,
        34,
        35,
        36,
        37,
        38,
        48,
        49,
        50,
        51,
        52,
        53,
        54,
        55,
        56,
        81,
        82,
        83,
        85,
        86,
        96,
        97,
        98,
        99,
        100,
        102,
        103
      ],
      "strength": 0.8301941752433777
    }
  ],
  "phase_locks": [
    {
      "dims": [
        31,
        62
      ],
      "ratio": 0.06858676671981812,
      "stability": 26.993146856549487
    },
    {
      "dims": [
        31,
        60
      ],
      "ratio": 0.07744324952363968,
      "stability": 23.534161130282236
    },
    {
      "dims": [
        44,
        60
      ],
      "ratio": 0.3492991626262665,
      "stability": 23.464019247408718
    },
    {
      "dims": [
        31,
        63
      ],
      "ratio": 0.08071507513523102,
      "stability": 23.195237327119756
    },
    {
      "dims": [
        45,
        61
      ],
      "ratio": 0.35758793354034424,
      "stability": 22.948166487741343
    },
    {
      "dims": [
        30,
        62
      ],
      "ratio": 0.08912716060876846,
      "stability": 22.64086348148375
    },
    {
      "dims": [
        46,
        62
      ],
      "ratio": 0.35042473673820496,
      "stability": 22.10242773671551
    },
    {
      "dims": [
        29,
        62
      ],
      "ratio": 0.09583701938390732,
      "stability": 21.56329158617769
    },
    {
      "dims": [
        31,
        61
      ],
      "ratio": 0.07364774495363235,
      "stability": 21.300042266905734
    },
    {
      "dims": [
        29,
        60
      ],
      "ratio": 0.10438413918018341,
      "stability": 21.015990887517532
    },
    {
      "dims": [
        30,
        60
      ],
      "ratio": 0.09946899116039276,
      "stability": 20.574546092107695
    },
    {
      "dims": [
        30,
        63
      ],
      "ratio": 0.10526207089424133,
      "stability": 20.38976719097785
    },
    {
      "dims": [
        28,
        62
      ],
      "ratio": 0.09445008635520935,
      "stability": 20.2193285024138
    },
    {
      "dims": [
        28,
        59
      ],
      "ratio": 0.11206211894750595,
      "stability": 19.795946151094373
    },
    {
      "dims": [
        45,
        62
      ],
      "ratio": 0.3397921621799469,
      "stability": 19.405971227915238
    },
    {
      "dims": [
        28,
        60
      ],
      "ratio": 0.10387730598449707,
      "stability": 19.2207753181385
    },
    {
      "dims": [
        29,
        59
      ],
      "ratio": 0.11286517232656479,
      "stability": 18.976916284528134
    },
    {
      "dims": [
        31,
        59
      ],
      "ratio": 0.08560433983802795,
      "stability": 18.58490647864689
    },
    {
      "dims": [
        29,
        63
      ],
      "ratio": 0.1136896014213562,
      "stability": 18.460627262240514
    },
    {
      "dims": [
        28,
        61
      ],
      "ratio": 0.09888336807489395,
      "stability": 18.1285344520949
    },
    {
      "dims": [
        26,
        62
      ],
      "ratio": 0.0816686823964119,
      "stability": 18.031598144488928
    },
    {
      "dims": [
        30,
        59
      ],
      "ratio": 0.10952118039131165,
      "stability": 17.880422941853944
    },
    {
      "dims": [
        30,
        61
      ],
      "ratio": 0.09340950101613998,
      "stability": 17.37729464703147
    },
    {
      "dims": [
        46,
        63
      ],
      "ratio": 0.414460152387619,
      "stability": 17.27646306656891
    },
    {
      "dims": [
        46,
        61
      ],
      "ratio": 0.3709547817707062,
      "stability": 16.976122511285126
    },
    {
      "dims": [
        12,
        60
      ],
      "ratio": 0.1683698445558548,
      "stability": 16.80674591475774
    },
    {
      "dims": [
        29,
        61
      ],
      "ratio": 0.10279802232980728,
      "stability": 16.696684177201128
    },
    {
      "dims": [
        44,
        59
      ],
      "ratio": 0.37865951657295227,
      "stability": 16.689039916549508
    },
    {
      "dims": [
        28,
        63
      ],
      "ratio": 0.11207015812397003,
      "stability": 16.67365637875709
    },
    {
      "dims": [
        45,
        60
      ],
      "ratio": 0.3768959939479828,
      "stability": 16.49169369904824
    }
  ],
  "mode_functions": [
    {
      "mode_id": 0,
      "dims": [
        10,
        12,
        13,
        14,
        35,
        36,
        37,
        38,
        39,
        40,
        41,
        42,
        43,
        44,
        45,
        46,
        47,
        49,
        50,
        51,
        52,
        53,
        54,
        55,
        56,
        57,
        58,
        59,
        60,
        61,
        62,
        63,
        84,
        85,
        86,
        88,
        89,
        90,
        92,
        102,
        103,
        104,
        105,
        106,
        107,
        108,
        109,
        110,
        111
      ],
      "primary_effect": "total",
      "effect_magnitude": 1465.8466796875,
      "all_effects": {
        "centroid": 0.6270751953125,
        "low": 360.5078125,
        "mid": 783.73828125,
        "high": 321.601806640625,
        "total": 1465.8466796875
      }
    },
    {
      "mode_id": 1,
      "dims": [
        78,
        79
      ],
      "primary_effect": "high",
      "effect_magnitude": -0.73388671875,
      "all_effects": {
        "centroid": 0.001434326171875,
        "low": 0.3564453125,
        "mid": -0.2041015625,
        "high": -0.73388671875,