{
  "correlations": {
    "n_harmonics": {
      "positive_dims": [
        [
          116,
          0.4522078211881736
        ],
        [
          115,
          0.4462118312945535
        ],
        [
          86,
          0.4426237056648666
        ],
        [
          87,
          0.4312287642885047
        ],
        [
          103,
          0.4282244549301577
        ]
      ],
      "negative_dims": [
        [
          70,
          -0.4314021346924267
        ],
        [
          66,
          -0.42139778871493505
        ],
        [
          71,
          -0.418772421132471
        ],
        [
          72,
          -0.4151697753110199
        ],
        [
          67,
          -0.38218652018611965
        ]
      ],
      "max_correlation": 0.4522078211881736,
      "best_dim": 116
    },
    "primary_f0": {
      "positive_dims": [
        [
          115,
          0.3396456882150867
        ],
        [
          116,
          0.3183775309432084
        ],
        [
          117,
          0.2642411313585071
        ],
        [
          114,
          0.2572203007018873
        ],
        [
          24,
          0.25412647454504667
        ]
      ],
      "negative_dims": [
        [
          70,
          -0.24398547976105342
        ],
        [
          66,
          -0.23913002418784157
        ],
        [
          71,
          -0.22002615563300418
        ],
        [
          65,
          -0.20218698074245467
        ],
        [
          67,
          -0.2002407683481749
        ]
      ],
      "max_correlation": 0.3396456882150867,
      "best_dim": 115
    },
    "harmonic_centroid": {
      "positive_dims": [
        [
          115,
          0.4683801662503816
        ],
        [
          86,
          0.46774092605462675
        ],
        [
          102,
          0.4641718898725947
        ],
        [
          38,
          0.4582776418055314
        ],
        [
          103,
          0.4503747039925304
        ]
      ],
      "negative_dims": [
        [
          70,
          -0.4817883031597761
        ],
        [
          66,
          -0.4555882198022176
        ],
        [
          71,
          -0.4354809116447272
        ],
        [
          72,
          -0.42721713931048977
        ],
        [
          67,
          -0.4105531754447989
        ]
      ],
      "max_correlation": 0.4817883031597761,
      "best_dim": 70
    },
    "total_harmonic_amp": {
      "positive_dims": [
        [
          86,
          0.29049212598156077
        ],
        [
          98,
          0.2900664401869648
        ],
        [
          115,
          0.28771960824245596
        ],
        [
          87,
          0.28612993423325195
        ],
        [
          118,
          0.28322396732583643
        ]
      ],
      "negative_dims": [
        [
          66,
          -0.28802697289494605
        ],
        [
          71,
          -0.2652209231312725
        ],
        [
          67,
          -0.2515375184455494
        ],
        [
          68,
          -0.24939128494692503
        ],
        [
          72,
          -0.24900208811323774
        ]
      ],
      "max_correlation": 0.29049212598156077,
      "best_dim": 86
    },
    "n_damped": {
      "positive_dims": [
        [
          98,
          0.29027244598947227
        ],
        [
          4,
          0.29000761853400175
        ],
        [
          99,
          0.2843209707055762
        ],
        [
          100,
          0.27676886728944894
        ],
        [
          115,
          0.276603478817615
        ]
      ],
      "negative_dims": [
        [
          68,
          -0.284538277653007
        ],
        [
          66,
          -0.283472545562994
        ],
        [
          67,
          -0.24950517923998203
        ],
        [
          71,
          -0.24920755588962037
        ],
        [
          69,
          -0.21956684254834824
        ]
      ],
      "max_correlation": 0.29027244598947227,
      "best_dim": 98
    },
    "avg_decay_rate": {
      "positive_dims": [
        [
          22,
          0.21594648871982938
        ],
        [
          120,
          0.15542638429402983
        ],
        [
          115,
          0.14513175242353377
        ],
        [
          123,
          0.13638847036701296
        ],
        [
          86,
          0.13406172302045727
        ]
      ],
      "negative_dims": [
        [
          68,
          -0.17336997936757456
        ],
        [
          71,
          -0.16570854403525248
        ],
        [
          67,
          -0.12167720051302326
        ],
        [
          72,
          -0.1123167620377928
        ],
        [
          79,
          -0.10897221877115765
        ]
      ],
      "max_correlation": 0.21594648871982938,
      "best_dim": 22
    },
    "max_decay_rate": {
      "positive_dims": [
        [
          22,
          0.2682486485788238
        ],
        [
          120,
          0.20424146439023708
        ],
        [
          86,
          0.17605142182330924
        ],
        [
          100,
          0.16352267964456688
        ],
        [
          99,
          0.1613023936871815
        ]
      ],
      "negative_dims": [
        [
          68,
          -0.22004199805069355
        ],
        [
          71,
          -0.19479875548467132
        ],
        [
          67,
          -0.15885471019835287
        ],
        [
          72,
          -0.1466498288500939
        ],
        [
          66,
          -0.1399764734437095
        ]
      ],
      "max_correlation": 0.2682486485788238,
      "best_dim": 22
    },
    "total_energy": {
      "positive_dims": [
        [
          115,
          0.32407691651380316
        ],
        [
          98,
          0.31910224728869413
        ],
        [
          86,
          0.312654885514696
        ],
        [
          87,
          0.310345538765122
        ],
        [
          118,
          0.3079841517097513
        ]
      ],
      "negative_dims": [
        [
          66,
          -0.317334465993457
        ],
        [
          71,
          -0.28840685084435325
        ],
        [
          67,
          -0.2761265828145365
        ],
        [
          68,
          -0.27327573091054663
        ],
        [
          72,
          -0.2639666819015158
        ]
      ],
      "max_correlation": 0.32407691651380316,
      "best_dim": 115
    },
    "energy_variance": {
      "positive_dims": [
        [
          120,
          0.2131828428613759
        ],
        [
          86,
          0.20605396383113692
        ],
        [
          87,
          0.20471608668158311
        ],
        [
          116,
          0.20366566461800556
        ],
        [
          115,
          0.20014974568397564
        ]
      ],
      "negative_dims": [
        [
          71,
          -0.19546773958888522
        ],
        [
          66,
          -0.18009686784265416
        ],
        [
          68,
          -0.1777992487145526
        ],
        [
          72,
          -0.1772339315109791
        ],
        [
          67,
          -0.17142376954841007
        ]
      ],
      "max_correlation": 0.2131828428613759,
      "best_dim": 120
    }
  },
  "dim_to_operations": {
    "116": [
      [
        "n_harmonics",
        0.4522078211881736
      ],
      [
        "primary_f0",
        0.3183775309432084
      ]
    ],
    "115": [
      [
        "n_harmonics",
        0.4462118312945535
      ],
      [
        "primary_f0",
        0.3396456882150867
      ],
      [
        "harmonic_centroid",
        0.4683801662503816
      ],
      [
        "total_harmonic_amp",
        0.28771960824245596
      ],
      [
        "n_damped",
        0.276603478817615
      ],
      [
        "total_energy",
        0.32407691651380316
      ]
    ],