{
  "checkpoint": "47",
  "timestamp": "2025-12-10T08:16:50.556508",
  "samples": [
    {
      "name": "sample_00_Trumpet.09_09",
      "latent_shape": [
        1,
        8,
        16,
        262
      ],
      "dry_audio": "eval_output/sample_00_Trumpet.09_09/dry_original.wav",
      "muted_audio": "eval_output/sample_00_Trumpet.09_09/muted_translated.wav",
      "spectral_distance": 43.36006546020508,
      "centroid_shift": 1657.290425261171,
      "dry_latent_mean": -0.7568636536598206,
      "dry_latent_std": 1.4998422861099243,
      "muted_latent_mean": -0.4554494619369507,
      "muted_latent_std": 1.0104788541793823,
      "latent_diff_norm": 139.57345581054688,
      "success": true
    },
    {
      "name": "sample_01_Flugel.19_52",
      "latent_shape": [
        1,
        8,
        16,
        296
      ],
      "dry_audio": "eval_output/sample_01_Flugel.19_52/dry_original.wav",
      "muted_audio": "eval_output/sample_01_Flugel.19_52/muted_translated.wav",
      "spectral_distance": 52.006351470947266,
      "centroid_shift": 17.61733211730433,
      "dry_latent_mean": -0.9077858924865723,
      "dry_latent_std": 1.6929291486740112,
      "muted_latent_mean": -0.5870978832244873,
      "muted_latent_std": 1.1497933864593506,
      "latent_diff_norm": 157.54434204101562,
      "success": true
    },
    {
      "name": "sample_02_Trump (et)_07",
      "latent_shape": [
        1,
        8,
        16,
        3575
      ],
      "dry_audio": "eval_output/sample_02_Trump (et)_07/dry_original.wav",
      "muted_audio": "eval_output/sample_02_Trump (et)_07/muted_translated.wav",
      "spectral_distance": 82.7577896118164,
      "centroid_shift": 1294.946726286639,
      "dry_latent_mean": -1.1109583377838135,
      "dry_latent_std": 1.8814631700515747,
      "muted_latent_mean": -0.652923047542572,
      "muted_latent_std": 1.204291820526123,
      "latent_diff_norm": 629.7249755859375,
      "success": true
    },
    {
      "name": "sample_03_trumpet 1.13_16",
      "latent_shape": [
        1,
        8,
        16,
        78
      ],
      "dry_audio": "eval_output/sample_03_trumpet 1.13_16/dry_original.wav",
      "muted_audio": "eval_output/sample_03_trumpet 1.13_16/muted_translated.wav",
      "spectral_distance": 59.85552978515625,
      "centroid_shift": 492.39586771070145,
      "dry_latent_mean": -0.9953402876853943,
      "dry_latent_std": 1.7764424085617065,
      "muted_latent_mean": -0.5559799075126648,
      "muted_latent_std": 1.104028582572937,
      "latent_diff_norm": 90.38887786865234,
      "success": true
    },
    {
      "name": "sample_04_TPT .45_47",
      "latent_shape": [
        1,
        8,
        16,
        302
      ],
      "dry_audio": "eval_output/sample_04_TPT .45_47/dry_original.wav",
      "muted_audio": "eval_output/sample_04_TPT .45_47/muted_translated.wav",
      "spectral_distance": 14.665647506713867,
      "centroid_shift": 1155.4630016813703,
      "dry_latent_mean": -0.8906074166297913,
      "dry_latent_std": 1.574202537536621,
      "muted_latent_mean": -0.5542539954185486,
      "muted_latent_std": 1.0989043712615967,
      "latent_diff_norm": 131.4353485107422,
      "success": true
    }
  ],
  "comparisons": [
    {
      "name": "Trumpet 3.01_02",
      "type": "comparison",
      "real_muted_mean": -0.6986101269721985,
      "real_muted_std": 1.4742599725723267,
      "translated_mean": -0.5389658212661743,
      "translated_std": 1.0973752737045288,
      "real_audio": "eval_output/comparison_Trumpet 3.01_02/real_muted.wav",
      "translated_audio": "eval_output/comparison_Trumpet 3.01_02/translated_muted.wav",
      "success": true
    },
    {
      "name": "Trumpet 3_01",
      "type": "comparison",
      "real_muted_mean": -0.8176290392875671,
      "real_muted_std": 1.5589112043380737,
      "translated_mean": -0.5056390762329102,
      "translated_std": 1.0531193017959595,
      "real_audio": "eval_output/comparison_Trumpet 3_01/real_muted.wav",
      "translated_audio": "eval_output/comparison_Trumpet 3_01/translated_muted.wav",
      "success": true
    },
    {
      "name": "Trumpet.29_45",
      "type": "comparison",
      "real_muted_mean": -0.6588602066040039,
      "real_muted_std": 1.3760597705841064,
      "translated_mean": -0.5143532156944275,
      "translated_std": 1.0595396757125854,
      "real_audio": "eval_output/comparison_Trumpet.29_45/real_muted.wav",
      "translated_audio": "eval_output/comparison_Trumpet.29_45/translated_muted.wav",
      "success": true
    }
  ],
  "summary": {
    "num_samples": 5,
    "avg_centroid_shift_hz": 923.5426706114373,
    "avg_spectral_distance": 50.529076766967776,
    "avg_latent_diff_norm": 229.7333999633789
  }
}